gsp2.name,GSP2
ALK_ex001_AntiSense.2 (NM_004304),CCTCTCTATGGGCAGTCGGTGATCCGCTGGATCGCATCTGCCT
ALK_ex002_AntiSense.2 (NM_004304),CCTCTCTATGGGCAGTCGGTGATTCCATGTAAAATAATCAGGAGAAGGAG
ALK_ex002_Sense.2 (NM_004304),CCTCTCTATGGGCAGTCGGTGATAAGACTCCTTCCCTTTCCTGTC
ALK_ex003_AntiSense.2 (NM_004304),CCTCTCTATGGGCAGTCGGTGATGGGAATACTCCAGCTCACAGG
ALK_ex003_Sense.2 (NM_004304),CCTCTCTATGGGCAGTCGGTGATCTGGGGCAGAGCGTTCTAAGG
ALK_ex004_AntiSense.2 (NM_004304),CCTCTCTATGGGCAGTCGGTGATCTGAGGTGTTGAGAAGGAGAA
ALK_ex004_Sense.2 (NM_004304),CCTCTCTATGGGCAGTCGGTGATCCCAGCTGCTGCCCCACAACG
ALK_ex001_Sense.2 (NM_004304),CCTCTCTATGGGCAGTCGGTGATCGGAAGTGGGCAGAGAGGGAAGG
ALK_ex010_AntiSense.2 (NM_004304),CCTCTCTATGGGCAGTCGGTGATTGTCCCCACCATGCGACCATC
ALK_ex010_Sense.2 (NM_004304),CCTCTCTATGGGCAGTCGGTGATTTGACAATATCTCCATCAGCCTGGACTG
ALK_ex011_Sense.2 (NM_004304),CCTCTCTATGGGCAGTCGGTGATCACCAAGACAGACCCCCATCTTTG
ALK_ex012_AntiSense.2 (NM_004304),CCTCTCTATGGGCAGTCGGTGATAGTTCTGGTAGGCGTTGTTGCACTG
ALK_ex011_AntiSense.2 (NM_004304),CCTCTCTATGGGCAGTCGGTGATTCTCTCAAACAGGTTTCTTGATTT
ALK_ex012_Sense.2 (NM_004304),CCTCTCTATGGGCAGTCGGTGATCCCTGAAAGGCATCCAGATCT
ALK_ex023_Sense.2 (NM_004304),CCTCTCTATGGGCAGTCGGTGATCAAGTCCTTCCTCCGAGAGAC
ALK_ex025_AntiSense.2 (NM_004304),CCTCTCTATGGGCAGTCGGTGATTGGACAGGTCAAGAGGCAGTT
ALK_ex025_Sense.2 (NM_004304),CCTCTCTATGGGCAGTCGGTGATCAAGATTGGAGACTTCGGGATGG
ALK_ex026_AntiSense.2 (NM_004304),CCTCTCTATGGGCAGTCGGTGATGGCATCCACTTAACTGGCAGCATGG
ALK_ex026_Sense.2 (NM_004304),CCTCTCTATGGGCAGTCGGTGATATGGAAGGAATATTCACTTCT
ALK_ex027_AntiSense.2 (NM_004304),CCTCTCTATGGGCAGTCGGTGATAGAAAAGATTTCCCATAGCA
ALK_ex027_Sense.2 (NM_004304),CCTCTCTATGGGCAGTCGGTGATCCGGATGGACCCACCCAAGA
ALK_ex028_AntiSense.2 (NM_004304),CCTCTCTATGGGCAGTCGGTGATCCAGCACTGAGTCATTATCC
ALK_ex028_Sense.2 (NM_004304),CCTCTCTATGGGCAGTCGGTGATTTTTGGAGAGGATTGAATACT
ALK_ex029_AntiSense.2 (NM_004304),CCTCTCTATGGGCAGTCGGTGATCTATCGGCAAAGCGGTGTTGATTACA
ALK_ex029_Sense.2 (NM_004304),CCTCTCTATGGGCAGTCGGTGATCCATTTGAGGGGAGAGGGAACGGAAATAA
ALK_ex005_AntiSense.2 (NM_004304),CCTCTCTATGGGCAGTCGGTGATTCTGGACGCCCGATTCTTCCCT
ALK_ex005_Sense.2 (NM_004304),CCTCTCTATGGGCAGTCGGTGATTGTCTGCAGTGGACTTCTTTG
ALK_ex006_AntiSense.2 (NM_004304),CCTCTCTATGGGCAGTCGGTGATTTCCAACAAGTGAAGGAGCTCT
ALK_ex007_AntiSense.2 (NM_004304),CCTCTCTATGGGCAGTCGGTGATGAAGCCATCTTCAAAGTTGC
ALK_ex007_Sense.2 (NM_004304),CCTCTCTATGGGCAGTCGGTGATAGGACCCTAAAGGATGCCCGGTT
ALK_ex008_AntiSense.2 (NM_004304),CCTCTCTATGGGCAGTCGGTGATGCGGGGACATCAGTGGTACT
ALK_ex008_Sense.2 (NM_004304),CCTCTCTATGGGCAGTCGGTGATTCCTGCACCGATCAAGAGCTCTC
ALK_ex013_AntiSense.2 (NM_004304),CCTCTCTATGGGCAGTCGGTGATTTTCCCGCCAGCAGCTCCGT
ALK_ex013_Sense.2 (NM_004304),CCTCTCTATGGGCAGTCGGTGATGATGACATGCTGTACATCCT
ALK_ex014_AntiSense.2 (NM_004304),CCTCTCTATGGGCAGTCGGTGATTATCACATTGTTCTCTCCAAT
ALK_ex014_Sense.2 (NM_004304),CCTCTCTATGGGCAGTCGGTGATCGTGTGAACAGAAGCGTGCATGAGTGG
ALK_ex015_Sense.2 (NM_004304),CCTCTCTATGGGCAGTCGGTGATGAGAATAACTCCTCGGTTCTAGGGCTAA
ALK_ex016_AntiSense.2 (NM_004304),CCTCTCTATGGGCAGTCGGTGATCCGGTGGCACCCTCCTGCAA
ALK_ex023_AntiSense.2 (NM_004304),CCTCTCTATGGGCAGTCGGTGATAATGCAGCGAACAATGTTCTGGTGGTTGA
ALK_ex024_AntiSense.2 (NM_004304),CCTCTCTATGGGCAGTCGGTGATTGCAGAAGGTCCAGCATGGC
ALK_ex024_Sense.2 (NM_004304),CCTCTCTATGGGCAGTCGGTGATACGTGGCTCGGGACATTGCCT
ALK_ex017_Sense.2 (NM_004304),CCTCTCTATGGGCAGTCGGTGATGGGCATCCTGTACACCCCAGCT
ALK_ex018_AntiSense.2 (NM_004304),CCTCTCTATGGGCAGTCGGTGATAATGCTTAATATTCACTTCCCCGTGGCCTT
ALK_ex018_Sense.2 (NM_004304),CCTCTCTATGGGCAGTCGGTGATGGCTGAGGATGGCGTCTCCTG
ALK_ex019_AntiSense.2 (NM_004304),CCTCTCTATGGGCAGTCGGTGATCAGAGAGGATCAGCGAGAGTGGCA
ALK_ex006_Sense.2 (NM_004304),CCTCTCTATGGGCAGTCGGTGATACCAGGACTGTGCCCAGGGA
ALK_ex009_AntiSense.2 (NM_004304),CCTCTCTATGGGCAGTCGGTGATTTCCCCTCAAGACTCCACGAATGAGC
ALK_ex009_Sense.2 (NM_004304),CCTCTCTATGGGCAGTCGGTGATTGGATGGTGTTGCCTCTCCTCGATG
ALK_ex021_Sense.2 (NM_004304),CCTCTCTATGGGCAGTCGGTGATACCCAAGCCCCCTGCAAGTG
ALK_ex022_AntiSense.2 (NM_004304),CCTCTCTATGGGCAGTCGGTGATCAGTTCGTCCTGTTCAGAGCACACTTC
ALK_ex022_Sense.2 (NM_004304),CCTCTCTATGGGCAGTCGGTGATGCTCTGAACAGGACGAACTGGATTTCCT
ALK_ex020_Sense.2 (NM_004304),CCTCTCTATGGGCAGTCGGTGATTGCTGGCAAGACCTCCTCCAT
ALK_ex016_Sense.2 (NM_004304),CCTCTCTATGGGCAGTCGGTGATGGGTTTCGGAGGGGGTGGAG
ALK_ex017_AntiSense.2 (NM_004304),CCTCTCTATGGGCAGTCGGTGATCCCATCCATTTCGGGGTCATTGTTTGAG
ALK_ex019_Sense.2 (NM_004304),CCTCTCTATGGGCAGTCGGTGATGGTCCTGGCTTTCTCCGGCATC
ALK_ex020_AntiSense.2 (NM_004304),CCTCTCTATGGGCAGTCGGTGATCATGGCTTGCAGCTCCTGGTG
ALK_ex021_AntiSense.2 (NM_004304),CCTCTCTATGGGCAGTCGGTGATACCTGGCCTTCATACACCTC
CTBP1_ex001_AntiSense.2 (NM_001328),CCTCTCTATGGGCAGTCGGTGATGAGTCTCCGCCGCGCCGCTGAG
CTBP1_ex003_AntiSense.2 (NM_001328),CCTCTCTATGGGCAGTCGGTGATGGTACATCAGGGCCCCCACAG
CTBP1_ex003_Sense.2 (NM_001328),CCTCTCTATGGGCAGTCGGTGATCAGTGGTTTTGACAACATCGACATCAAGTC
CTBP1_ex002_Sense.2 (NM_001328),CCTCTCTATGGGCAGTCGGTGATTGAAGGACGTGGCCACTGTGG
CTBP1_ex004_AntiSense.2 (NM_001328),CCTCTCTATGGGCAGTCGGTGATAGTCGGCCGTCTCCTCCACA
CTBP1_ex006_AntiSense.2 (NM_001328),CCTCTCTATGGGCAGTCGGTGATCACCCCGGGCTGTGTTCACC
CTBP1_ex006_Sense.2 (NM_001328),CCTCTCTATGGGCAGTCGGTGATCCCTGGATGTGCACGAGTCGGAA
CTBP1_ex007_AntiSense.2 (NM_001328),CCTCTCTATGGGCAGTCGGTGATTGAGGTTGGGTGCATCCTTCA
CTBP1_ex001_Sense.2 (NM_001328),CCTCTCTATGGGCAGTCGGTGATGGGCAGCTCGCACTTGCTCAAC
CTBP1_ex002_AntiSense.2 (NM_001328),CCTCTCTATGGGCAGTCGGTGATGTGCAGGGGCCCGTTCATGATC
CTBP1_ex008_AntiSense.2 (NM_001328),CCTCTCTATGGGCAGTCGGTGATGGTCCTTGTTGACACAGTTC
CTBP1_ex004_Sense.2 (NM_001328),CCTCTCTATGGGCAGTCGGTGATCGCTGCCAGGATCCGCGGGG
CTBP1_ex005_AntiSense.2 (NM_001328),CCTCTCTATGGGCAGTCGGTGATCCTTGGCCCGCAGCGCCACT
CTBP1_ex005_Sense.2 (NM_001328),CCTCTCTATGGGCAGTCGGTGATCGGCCTCAACGAGCACAACCA
CTBP1_ex007_Sense.2 (NM_001328),CCTCTCTATGGGCAGTCGGTGATATGCGAGAGGAGGCGGCACGGGAGATC
CTBP1_ex008_Sense.2 (NM_001328),CCTCTCTATGGGCAGTCGGTGATCGTGCACCCTGAGCTCAATGGG
CTBP1_ex009_AntiSense.2 (NM_001328),CCTCTCTATGGGCAGTCGGTGATCCACAGCAGCTGGGATGCCA
CTBP1_ex009_Sense.2 (NM_001328),CCTCTCTATGGGCAGTCGGTGATCATGTTTGTGACTGTAACCATTTGTATGA
GAPDH_ex002_AntiSense.2 (NM_002046),CCTCTCTATGGGCAGTCGGTGATCGTTGACTCCGACCTTCACCTTCCC
GAPDH_ex005_Sense.2 (NM_002046),CCTCTCTATGGGCAGTCGGTGATGCGCTGAGTACGTCGTGGAGTC
GAPDH_ex006_AntiSense.2 (NM_002046),CCTCTCTATGGGCAGTCGGTGATTGGTTCACACCCATGACGAACAT
GAPDH_ex005_AntiSense.2 (NM_002046),CCTCTCTATGGGCAGTCGGTGATAGCATCGCCCCACTTGATTT
GAPDH_ex004_AntiSense.2 (NM_002046),CCTCTCTATGGGCAGTCGGTGATTGGGTGGAATCATATTGGAACATG
GAPDH_ex001_AntiSense.2 (NM_002046),CCTCTCTATGGGCAGTCGGTGATCCAGTCCCAGCCCAAGGTCT
GAPDH_ex004_Sense.2 (NM_002046),CCTCTCTATGGGCAGTCGGTGATCACCGTCAAGGCTGAGAACG
GAPDH_ex009_Sense.2 (NM_002046),CCTCTCTATGGGCAGTCGGTGATAGGGAGCCGCACCTTGTCATGT
GAPDH_ex001_Sense.2 (NM_002046),CCTCTCTATGGGCAGTCGGTGATCCTCCCGCTTCGCTCTCTGCT
GAPDH_ex008_Sense.2 (NM_002046),CCTCTCTATGGGCAGTCGGTGATTCTGACTTCAACAGCGACACCCACT
NTRK1_ex005_AntiSense.2 (NM_002529),CCTCTCTATGGGCAGTCGGTGATGCGCAGGGCACAAGAACAGTG
NTRK1_ex004_Sense.2 (NM_002529),CCTCTCTATGGGCAGTCGGTGATTGTGCAGGGCCTCTCCTTAC
NTRK1_ex001_AntiSense.2 (NM_002529),CCTCTCTATGGGCAGTCGGTGATCAGCCGTCTGTGCGCTCCCA
NTRK1_ex005_Sense.2 (NM_002529),CCTCTCTATGGGCAGTCGGTGATAGCTGCAGTGTCATGGGCAAGG
NTRK1_ex004_AntiSense.2 (NM_002529),CCTCTCTATGGGCAGTCGGTGATCTCCAGAGCGTTGAAGGAGA
NTRK1_ex002_AntiSense.2 (NM_002529),CCTCTCTATGGGCAGTCGGTGATGATCACGGAGCTCCAGATGCT
NTRK1_ex002_Sense.2 (NM_002529),CCTCTCTATGGGCAGTCGGTGATAGCATCTGGAGCTCCGTGATCTGAG
NTRK1_ex001_Sense.2 (NM_002529),CCTCTCTATGGGCAGTCGGTGATCCCGGCGCAGAGAACCTGAC
NTRK1_ex003_Sense.2 (NM_002529),CCTCTCTATGGGCAGTCGGTGATCCTTCCATTTCACTCCTCGGCTCAGT
NTRK1_ex011_AntiSense.2 (NM_002529),CCTCTCTATGGGCAGTCGGTGATTAGAAAGGAAGAGGCAGGCA
NTRK1_ex011_Sense.2 (NM_002529),CCTCTCTATGGGCAGTCGGTGATCTTTCTACGCTGCTCCTTGTGCTCAACA
NTRK1_ex012_Sense.2 (NM_002529),CCTCTCTATGGGCAGTCGGTGATGCCACATCATCGAGAACCCACAATA
NTRK1_ex013_AntiSense.2 (NM_002529),CCTCTCTATGGGCAGTCGGTGATCGATGTCCCGGCGCTTGATGT
NTRK1_ex013_Sense.2 (NM_002529),CCTCTCTATGGGCAGTCGGTGATAGGACAAGATGCTGGTGGCT
NTRK1_ex006_AntiSense.2 (NM_002529),CCTCTCTATGGGCAGTCGGTGATCACCGCAGCAGCACGTCGTC
NTRK1_ex006_Sense.2 (NM_002529),CCTCTCTATGGGCAGTCGGTGATCAGGCCGGCTGGATCCTCAC
NTRK1_ex007_AntiSense.2 (NM_002529),CCTCTCTATGGGCAGTCGGTGATGGTGACATTGGCCAGGGTCA
NTRK1_ex007_Sense.2 (NM_002529),CCTCTCTATGGGCAGTCGGTGATGGTCTCTGTTCAGGTCAACGT
NTRK1_ex008_AntiSense.2 (NM_002529),CCTCTCTATGGGCAGTCGGTGATCATCTCCACCGCCGTGTGCA
NTRK1_ex008_Sense.2 (NM_002529),CCTCTCTATGGGCAGTCGGTGATCCTTTCGAGTTCAACCCCGAGGAC
NTRK1_ex003_AntiSense.2 (NM_002529),CCTCTCTATGGGCAGTCGGTGATAAACGGAGACCACTCTTCACGA
NTRK1_ex010_Sense.2 (NM_002529),CCTCTCTATGGGCAGTCGGTGATCATCTGGAGACCCGGTGGAGAAGA
NTRK1_ex015_Sense.2 (NM_002529),CCTCTCTATGGGCAGTCGGTGATCTGGTGGTCAAGATTGGTGATTTTGGCATG
NTRK1_ex014_AntiSense.2 (NM_002529),CCTCTCTATGGGCAGTCGGTGATGCACTCTCGGACGCCTCCTTC
NTRK1_ex014_Sense.2 (NM_002529),CCTCTCTATGGGCAGTCGGTGATTGGTCTTTGAGTATATGCGGCAC
NTRK1_ex012_AntiSense.2 (NM_002529),CCTCTCTATGGGCAGTCGGTGATCACCCAATGTCATGAAATGCAGGGACATG
NTRK1_ex017_Sense.2 (NM_002529),CCTCTCTATGGGCAGTCGGTGATTAGGCAAGGTCCCGTCATAGCAATTATA
NTRK1_ex016_AntiSense.2 (NM_002529),CCTCTCTATGGGCAGTCGGTGATGTGGTGAACTTACGGTACAGGATGCTCTC
NTRK1_ex016_Sense.2 (NM_002529),CCTCTCTATGGGCAGTCGGTGATAGCAGCCCTGGTACCAGCTC
NTRK1_ex017_AntiSense.2 (NM_002529),CCTCTCTATGGGCAGTCGGTGATGCTCCAACTCACGTCCCTGCGT
NTRK1_ex010_AntiSense.2 (NM_002529),CCTCTCTATGGGCAGTCGGTGATTTCTCCACCGGGTCTCCAGATGT
RET_ex002_Sense.2 (NM_020630),CCTCTCTATGGGCAGTCGGTGATCCTCCTCTACCTTAACCGGAGCCT
RET_ex003_Sense.2 (NM_020630),CCTCTCTATGGGCAGTCGGTGATCCAACATCAGCGTGGCCTAC
RET_ex004_Sense.2 (NM_020630),CCTCTCTATGGGCAGTCGGTGATCAGCGCCGTGGTGGAGTTCA
RET_ex005_AntiSense.2 (NM_020630),CCTCTCTATGGGCAGTCGGTGATCAGGTACCACGTCTGCATCGAAGACAC
RET_ex003_AntiSense.2 (NM_020630),CCTCTCTATGGGCAGTCGGTGATGTAGACGGTGAGCAGGGGAA
RET_ex009_AntiSense.2 (NM_020630),CCTCTCTATGGGCAGTCGGTGATGGCAGGTCTTGGTGCTGGGA
RET_ex009_Sense.2 (NM_020630),CCTCTCTATGGGCAGTCGGTGATTGTGGAGACCCAAGACATCAA
RET_ex010_AntiSense.2 (NM_020630),CCTCTCTATGGGCAGTCGGTGATCCAGGCTCGTGTCCCCCAAC
RET_ex008_Sense.2 (NM_020630),CCTCTCTATGGGCAGTCGGTGATCCCCAACAGGCAGGTGTGAGT
RET_ex005_Sense.2 (NM_020630),CCTCTCTATGGGCAGTCGGTGATAGACCTCGGTCCAGGCCAACG
RET_ex002_AntiSense.2 (NM_020630),CCTCTCTATGGGCAGTCGGTGATATACAGCTTCTCCCAGTAAGC
RET_ex004_AntiSense.2 (NM_020630),CCTCTCTATGGGCAGTCGGTGATTGCTCACCTCCAGGCTGTCC
RET_ex010_Sense.2 (NM_020630),CCTCTCTATGGGCAGTCGGTGATGAAGTGCTTCTGCGAGCCCGAAG
RET_ex006_Sense.2 (NM_020630),CCTCTCTATGGGCAGTCGGTGATAGCAGGAGGGCTCGCCGATTT
RET_ex007_AntiSense.2 (NM_020630),CCTCTCTATGGGCAGTCGGTGATGCTTGTACTGGACGTTGATGCCACTGA
RET_ex007_Sense.2 (NM_020630),CCTCTCTATGGGCAGTCGGTGATAGGCCCAGCTGCTTGTAACAGTGGAG
RET_ex006_AntiSense.2 (NM_020630),CCTCTCTATGGGCAGTCGGTGATGGAGAGGTTCCGGTTGAGAA
RET_ex001_AntiSense.2 (NM_020630),CCTCTCTATGGGCAGTCGGTGATGCTGCTGCGCGCCCTGCTTC
RET_ex018_AntiSense.2 (NM_020630),CCTCTCTATGGGCAGTCGGTGATTTCCAGCATTGCAGCATCAG
RET_ex018_Sense.2 (NM_020630),CCTCTCTATGGGCAGTCGGTGATGGCCGGTGTTTGCGGACATCAG
RET_ex019_AntiSense.2 (NM_020630),CCTCTCTATGGGCAGTCGGTGATTCAGATGGAGTGGACGCCGCAA
RET_ex019_Sense.2 (NM_020630),CCTCTCTATGGGCAGTCGGTGATCAGTAAATATGGTTCTTGCCA
RET_ex012_Sense.2 (NM_020630),CCTCTCTATGGGCAGTCGGTGATGCAACGGCCTTCCATCTGAA
RET_ex011_AntiSense.2 (NM_020630),CCTCTCTATGGGCAGTCGGTGATGATCACCGTGCGGCACAGCTC
RET_ex011_Sense.2 (NM_020630),CCTCTCTATGGGCAGTCGGTGATCAGGTCTCCGTGGATGCCTTC
RET_ex012_AntiSense.2 (NM_020630),CCTCTCTATGGGCAGTCGGTGATGAACCAAGTTCTTCCGAGGGAATTCCC
RET_ex017_Sense.2 (NM_020630),CCTCTCTATGGGCAGTCGGTGATCCTCCTGAGCGGCTCTTCAACC
RET_ex013_AntiSense.2 (NM_020630),CCTCTCTATGGGCAGTCGGTGATGTTGAACTCTGACAGCAGGT
RET_ex013_Sense.2 (NM_020630),CCTCTCTATGGGCAGTCGGTGATCCACCCACATGTCATCAAATT
RET_ex008_AntiSense.2 (NM_020630),CCTCTCTATGGGCAGTCGGTGATCTCCAGCCGTCTCTTGCTGACTG
RET_ex014_Sense.2 (NM_020630),CCTCTCTATGGGCAGTCGGTGATTCACAGGGGATGCAGTATCT
RET_ex015_Sense.2 (NM_020630),CCTCTCTATGGGCAGTCGGTGATGAGGGGCGGAAGATGAAGATT
RET_ex016_AntiSense.2 (NM_020630),CCTCTCTATGGGCAGTCGGTGATTATGATCAAAAAGGGATTCAATTGCC
RET_ex014_AntiSense.2 (NM_020630),CCTCTCTATGGGCAGTCGGTGATGCCGTATTTGGCGTACTCCA
RET_ex017_AntiSense.2 (NM_020630),CCTCTCTATGGGCAGTCGGTGATCCCCTAGGGTCACGATCTCCCA
RET_ex015_AntiSense.2 (NM_020630),CCTCTCTATGGGCAGTCGGTGATTTCTGGCTGCCAAGTCCCGATG
RET_ex016_Sense.2 (NM_020630),CCTCTCTATGGGCAGTCGGTGATTTTGATCATATCTACACCACGCA
ROS1_ex003_AntiSense.2 (NM_002944),CCTCTCTATGGGCAGTCGGTGATTCTACAGAGTTCCAAAAGTGACATCCTTG
ROS1_ex001_AntiSense.2 (NM_002944),CCTCTCTATGGGCAGTCGGTGATAGGATATACTTGCCTTTTGAAATAA
ROS1_ex007_Sense.2 (NM_002944),CCTCTCTATGGGCAGTCGGTGATCAGTTTTACTCCACTTTACCAAAT
ROS1_ex001_Sense.2 (NM_002944),CCTCTCTATGGGCAGTCGGTGATAGCTGCCTAAAGTCGTGTGTAACTA
ROS1_ex005_Sense.2 (NM_002944),CCTCTCTATGGGCAGTCGGTGATTATGCACAACTTCTGGGAAG
ROS1_ex007_AntiSense.2 (NM_002944),CCTCTCTATGGGCAGTCGGTGATGCTCTCAATATTCCTAATCAAAGGTGCAGT
ROS1_ex006_AntiSense.2 (NM_002944),CCTCTCTATGGGCAGTCGGTGATGGGCTTGACCACATAGGACGGTCT
ROS1_ex006_Sense.2 (NM_002944),CCTCTCTATGGGCAGTCGGTGATAGTCCCAGTTACAGGACTCAT
ROS1_ex012_Sense.2 (NM_002944),CCTCTCTATGGGCAGTCGGTGATGCTCTTGTTCAATGGAAGCC
ROS1_ex013_AntiSense.2 (NM_002944),CCTCTCTATGGGCAGTCGGTGATCTCATAGGTCCAGTTCTGCCA
ROS1_ex014_AntiSense.2 (NM_002944),CCTCTCTATGGGCAGTCGGTGATATCTTCTTTCACAGCCATGATA
ROS1_ex014_Sense.2 (NM_002944),CCTCTCTATGGGCAGTCGGTGATAGAGTTCTTATCCTCTGATATAGG
ROS1_ex013_Sense.2 (NM_002944),CCTCTCTATGGGCAGTCGGTGATAAATACAAGGTTTCTGTGAGAGCAAGTT
ROS1_ex002_AntiSense.2 (NM_002944),CCTCTCTATGGGCAGTCGGTGATCGGTTCACTCAGATTATGTGGTGTGCCA
ROS1_ex002_Sense.2 (NM_002944),CCTCTCTATGGGCAGTCGGTGATGGCACACCACATAATCTGAGT
ROS1_ex003_Sense.2 (NM_002944),CCTCTCTATGGGCAGTCGGTGATCTTTTGGAACTCTGTAGATCA
ROS1_ex004_AntiSense.2 (NM_002944),CCTCTCTATGGGCAGTCGGTGATCTGCTACAGCCAACCTCACACGAC
ROS1_ex004_Sense.2 (NM_002944),CCTCTCTATGGGCAGTCGGTGATCGGAAGGTGCATATGAAGAGGA
ROS1_ex005_AntiSense.2 (NM_002944),CCTCTCTATGGGCAGTCGGTGATCCAATGGAAGAAGCAAAGGGAGCAGTTG
ROS1_ex011_Sense.2 (NM_002944),CCTCTCTATGGGCAGTCGGTGATGAGGAAATTACTCCACCCTCTATTAGTGCA
ROS1_ex012_AntiSense.2 (NM_002944),CCTCTCTATGGGCAGTCGGTGATGCTCTATAAATGCCATCTCTCAGGAGGTA
ROS1_ex019_AntiSense.2 (NM_002944),CCTCTCTATGGGCAGTCGGTGATACAGAATCTGGAATAACCTTAGGGGTAAAG
ROS1_ex019_Sense.2 (NM_002944),CCTCTCTATGGGCAGTCGGTGATCCTGCGGTAGACTGGGGTGTAGTTTTC
ROS1_ex020_AntiSense.2 (NM_002944),CCTCTCTATGGGCAGTCGGTGATAGGTTCCAGTCCTTCCACAG
ROS1_ex020_Sense.2 (NM_002944),CCTCTCTATGGGCAGTCGGTGATCCAAAACATCTCTGTCACTTCGAGCACCTG
ROS1_ex021_AntiSense.2 (NM_002944),CCTCTCTATGGGCAGTCGGTGATCCACTTGGTAATATAAATATTCTGG
ROS1_ex021_Sense.2 (NM_002944),CCTCTCTATGGGCAGTCGGTGATTTGAAGGCATGAGTCCCAGAT
ROS1_ex022_AntiSense.2 (NM_002944),CCTCTCTATGGGCAGTCGGTGATCATATGGTCCTGGCCCCTTAGATGTAA
ROS1_ex022_Sense.2 (NM_002944),CCTCTCTATGGGCAGTCGGTGATATGCTGACGTTGTAAAGTCT
ROS1_ex023_Sense.2 (NM_002944),CCTCTCTATGGGCAGTCGGTGATGCACTTGCACAATCGCTCTAGCT
ROS1_ex024_AntiSense.2 (NM_002944),CCTCTCTATGGGCAGTCGGTGATCAAAAACCAGTGAATCTTGG
ROS1_ex024_Sense.2 (NM_002944),CCTCTCTATGGGCAGTCGGTGATGGAATTCAACAATAATTTCTTTTTCTGT
ROS1_ex025_AntiSense.2 (NM_002944),CCTCTCTATGGGCAGTCGGTGATAGAACATCTGGTAGCCAAAATTG
ROS1_ex025_Sense.2 (NM_002944),CCTCTCTATGGGCAGTCGGTGATAGGCTGTCAGTGTTGGAGAGTTATCACAGT
ROS1_ex026_AntiSense.2 (NM_002944),CCTCTCTATGGGCAGTCGGTGATCATCCACAGTTAAGCTAACAAGGGTTT
ROS1_ex026_Sense.2 (NM_002944),CCTCTCTATGGGCAGTCGGTGATGGCTTACAGTTCAGTTATGC
ROS1_ex023_AntiSense.2 (NM_002944),CCTCTCTATGGGCAGTCGGTGATTTGTTACCAAGAAGAGTTATG
ROS1_ex027_AntiSense.2 (NM_002944),CCTCTCTATGGGCAGTCGGTGATACAGTGTCTGAAGCTAGAGA
ROS1_ex027_Sense.2 (NM_002944),CCTCTCTATGGGCAGTCGGTGATTTATGCAGAAGTTAATGACAGGA
ROS1_ex008_AntiSense.2 (NM_002944),CCTCTCTATGGGCAGTCGGTGATGCTTCTGGACCCTCACCAACTTCATT
ROS1_ex008_Sense.2 (NM_002944),CCTCTCTATGGGCAGTCGGTGATAGAAGCAGAATCTAGTATTACCACTT
ROS1_ex009_AntiSense.2 (NM_002944),CCTCTCTATGGGCAGTCGGTGATATAAAAAGAGCCACTGTTCC
ROS1_ex009_Sense.2 (NM_002944),CCTCTCTATGGGCAGTCGGTGATGCACATTGCCTTCGGTTGGATGCTATATAC
ROS1_ex010_AntiSense.2 (NM_002944),CCTCTCTATGGGCAGTCGGTGATACAATTTGCTGGTGGACATCAAC
ROS1_ex010_Sense.2 (NM_002944),CCTCTCTATGGGCAGTCGGTGATTCAAAGAATGTATTTCATCATGG
ROS1_ex011_AntiSense.2 (NM_002944),CCTCTCTATGGGCAGTCGGTGATCTCGATGTTTGAGCAGTTCTCTAAATCAC
ROS1_ex031_Sense.2 (NM_002944),CCTCTCTATGGGCAGTCGGTGATAGAGTAGTGGTGGTTTATAAGACGGGAGA
ROS1_ex032_AntiSense.2 (NM_002944),CCTCTCTATGGGCAGTCGGTGATCCCTTCTAGTAATTTGGGAATGCCTGGTTT
ROS1_ex032_Sense.2 (NM_002944),CCTCTCTATGGGCAGTCGGTGATATGTAGAATTACATACTATATCCTTGAG
ROS1_ex033_AntiSense.2 (NM_002944),CCTCTCTATGGGCAGTCGGTGATCTTAAATTCTGGTTCTGTAAATTATT
ROS1_ex033_Sense.2 (NM_002944),CCTCTCTATGGGCAGTCGGTGATATAGTGGAATCAGTGAGAATAT
ROS1_ex034_AntiSense.2 (NM_002944),CCTCTCTATGGGCAGTCGGTGATATGAAACTTGTTTCTGGTATC
ROS1_ex034_Sense.2 (NM_002944),CCTCTCTATGGGCAGTCGGTGATTCTGGTTGTTACAATCCCACTG
ROS1_ex015_AntiSense.2 (NM_002944),CCTCTCTATGGGCAGTCGGTGATTGTCACTGTAGTAGAGGCTGTTGTTATACC
ROS1_ex015_Sense.2 (NM_002944),CCTCTCTATGGGCAGTCGGTGATCTACTGGGCTGGAAAGACAT
ROS1_ex016_AntiSense.2 (NM_002944),CCTCTCTATGGGCAGTCGGTGATTCCCGTCAACACAGACTGCCT
ROS1_ex016_Sense.2 (NM_002944),CCTCTCTATGGGCAGTCGGTGATAAAGTTCCCTTGTACTACAGACACAGC
ROS1_ex017_AntiSense.2 (NM_002944),CCTCTCTATGGGCAGTCGGTGATCAGGAGCCCATCACTGAGGTCTAAAGTT
ROS1_ex017_Sense.2 (NM_002944),CCTCTCTATGGGCAGTCGGTGATATTCACCTGTACACAGCTGTT
ROS1_ex018_AntiSense.2 (NM_002944),CCTCTCTATGGGCAGTCGGTGATGCTGCAAATTCTGTGATGGTGGTATCCC
ROS1_ex018_Sense.2 (NM_002944),CCTCTCTATGGGCAGTCGGTGATTTCACAATTATTCAGACATCCCTTAAGC
ROS1_ex035_Sense.2 (NM_002944),CCTCTCTATGGGCAGTCGGTGATGTTGGCTGAGCTGCGAGGTCT
ROS1_ex036_AntiSense.2 (NM_002944),CCTCTCTATGGGCAGTCGGTGATAGATTTTCAATCTCCTCTTGGGT
ROS1_ex036_Sense.2 (NM_002944),CCTCTCTATGGGCAGTCGGTGATAACAGCAGTGGACATCTTAGGAGTTGGAA
ROS1_ex037_AntiSense.2 (NM_002944),CCTCTCTATGGGCAGTCGGTGATCCTGGTCTGTGGAACCCTTCT
ROS1_ex037_Sense.2 (NM_002944),CCTCTCTATGGGCAGTCGGTGATGGAGAAGATTGAATTCCTGAAGGA
ROS1_ex038_AntiSense.2 (NM_002944),CCTCTCTATGGGCAGTCGGTGATAAACTCCAAGCTGCTTCAGA
ROS1_ex038_Sense.2 (NM_002944),CCTCTCTATGGGCAGTCGGTGATATGGAGGGAGGAGACCTTCTTACTTATTTG
ROS1_ex035_AntiSense.2 (NM_002944),CCTCTCTATGGGCAGTCGGTGATTCACCCCTTCCTTGGCACTT
ROS1_ex039_AntiSense.2 (NM_002944),CCTCTCTATGGGCAGTCGGTGATAGGTCAACCAAGGTGAGTAA
ROS1_ex039_Sense.2 (NM_002944),CCTCTCTATGGGCAGTCGGTGATGCTGTGTCTACTTGGAACGGATGCATTT
ROS1_ex040_AntiSense.2 (NM_002944),CCTCTCTATGGGCAGTCGGTGATGTCTTTCACGGAAACAAGGCAA
ROS1_ex040_Sense.2 (NM_002944),CCTCTCTATGGGCAGTCGGTGATTGGAATCTTCACTACTCAATCTGA
ROS1_ex041_AntiSense.2 (NM_002944),CCTCTCTATGGGCAGTCGGTGATAATGAGCTGGATAAGGCTGATGACCAAGAG
ROS1_ex041_Sense.2 (NM_002944),CCTCTCTATGGGCAGTCGGTGATGGAGCCACCAAGAAATTGTCC
ROS1_ex042_AntiSense.2 (NM_002944),CCTCTCTATGGGCAGTCGGTGATCGGGTTCTTGAGCCCAGCACT
ROS1_ex042_Sense.2 (NM_002944),CCTCTCTATGGGCAGTCGGTGATAAACAACAGTGGAGTCATAAA
ROS1_ex043_AntiSense.2 (NM_002944),CCTCTCTATGGGCAGTCGGTGATCAAACAAATCACATCGCCATC
ROS1_ex043_Sense.2 (NM_002944),CCTCTCTATGGGCAGTCGGTGATGTCATGGTGGTCTATAACTCCAAATAAAC
ROS1_ex028_AntiSense.2 (NM_002944),CCTCTCTATGGGCAGTCGGTGATAAATCTTCAATAAGAGCTATACTGTCCTGA
ROS1_ex028_Sense.2 (NM_002944),CCTCTCTATGGGCAGTCGGTGATAAAGAGATTTGGGGAAAAACTAAAAA
ROS1_ex029_AntiSense.2 (NM_002944),CCTCTCTATGGGCAGTCGGTGATACCGCACAGTTGTATTAATGAGCTGCAC
ROS1_ex030_Sense.2 (NM_002944),CCTCTCTATGGGCAGTCGGTGATACCTCATCAGATTTTGGGTTG
ROS1_ex029_Sense.2 (NM_002944),CCTCTCTATGGGCAGTCGGTGATCTCTCCTTGTTACTAGACTGT
ROS1_ex030_AntiSense.2 (NM_002944),CCTCTCTATGGGCAGTCGGTGATTTTCCTCAGAGTGGCAGGCA
ROS1_ex031_AntiSense.2 (NM_002944),CCTCTCTATGGGCAGTCGGTGATCTGCATGAAGTTTTAACATGGTAAAAC
