gsp1.name,GSP1
ALK_ex019_AntiSense.1 (NM_004304),GGATCTCGACGCTCTCCCTAGGACCAGGGCGGCCACGAG
ALK_ex022_AntiSense.1 (NM_004304),GGATCTCGACGCTCTCCCTTGAGGAAATCCAGTTCGTCCTGTTC
ALK_ex020_AntiSense.1 (NM_004304),GGATCTCGACGCTCTCCCTGCTTGTACTCAGGGCTCTGC
ALK_ex021_AntiSense.1 (NM_004304),GGATCTCGACGCTCTCCCTGCTTGGGTCGTTGGGCATTC
CTBP1_ex006_AntiSense.1 (NM_001328),GGATCTCGACGCTCTCCCTGCCAGCGCCTTCTCATCCAC
GAPDH_ex006_AntiSense.1 (NM_002046),GGATCTCGACGCTCTCCCTTCATGGTTCACACCCATGACG
NTRK1_ex005_AntiSense.1 (NM_002529),GGATCTCGACGCTCTCCCTCTCCTCCTCCCAGCGCTGTA
NTRK1_ex004_Sense.1 (NM_002529),GGATCTCGACGCTCTCCCTTCTCTCCTTCAACGCTCTGGA
NTRK1_ex001_AntiSense.1 (NM_002529),GGATCTCGACGCTCTCCCTCGTCCGCCTCGCAGCATCGC
NTRK1_ex005_Sense.1 (NM_002529),GGATCTCGACGCTCTCCCTGCCTGAACAGAAGCTGCAGTG
NTRK1_ex004_AntiSense.1 (NM_002529),GGATCTCGACGCTCTCCCTGAGAGGCCCTGCACAGTTTT
NTRK1_ex002_AntiSense.1 (NM_002529),GGATCTCGACGCTCTCCCTCTCAGATCACGGAGCTCCAG
NTRK1_ex002_Sense.1 (NM_002529),GGATCTCGACGCTCTCCCTCTACATCGAGAACCAGCAGCA
NTRK1_ex001_Sense.1 (NM_002529),GGATCTCGACGCTCTCCCTCGGGATGGGGCCCTGGATAGCC
NTRK1_ex003_Sense.1 (NM_002529),GGATCTCGACGCTCTCCCTCCATCGTGAAGAGTGGTCTCCGTTT
NTRK1_ex011_AntiSense.1 (NM_002529),GGATCTCGACGCTCTCCCTTTTGTTGAGCACAAGGAGCA
NTRK1_ex011_Sense.1 (NM_002529),GGATCTCGACGCTCTCCCTTTTGCCTGCCTCTTCCTTTCTACGC
NTRK1_ex012_Sense.1 (NM_002529),GGATCTCGACGCTCTCCCTGCTCCAAGGCCACATCATCG
NTRK1_ex013_AntiSense.1 (NM_002529),GGATCTCGACGCTCTCCCTCTCCCACTTGAGCACGATGTC
NTRK1_ex013_Sense.1 (NM_002529),GGATCTCGACGCTCTCCCTCTTCCTTGCTGAGTGCCACA
NTRK1_ex006_AntiSense.1 (NM_002529),GGATCTCGACGCTCTCCCTACCTGGCACCGCAGCAGCAC
NTRK1_ex006_Sense.1 (NM_002529),GGATCTCGACGCTCTCCCTGTGCTGCTGCGGTGCCAGGT
NTRK1_ex007_AntiSense.1 (NM_002529),GGATCTCGACGCTCTCCCTCAGCACGTCACGTTCTTCCTG
NTRK1_ex007_Sense.1 (NM_002529),GGATCTCGACGCTCTCCCTAGGAAGAACGTGACGTGCTG
NTRK1_ex008_AntiSense.1 (NM_002529),GGATCTCGACGCTCTCCCTAGAGAAGGGGATGCACCAGTGG
NTRK1_ex008_Sense.1 (NM_002529),GGATCTCGACGCTCTCCCTGGCTGCCTTCATGGACAACC
NTRK1_ex003_AntiSense.1 (NM_002529),GGATCTCGACGCTCTCCCTCGACTGAGCCGAGGAGTGAA
NTRK1_ex010_Sense.1 (NM_002529),GGATCTCGACGCTCTCCCTACATCTGGAGACCCGGTGGA
NTRK1_ex015_Sense.1 (NM_002529),GGATCTCGACGCTCTCCCTCTGTCTAGTGGGCCAGGGACT
NTRK1_ex014_AntiSense.1 (NM_002529),GGATCTCGACGCTCTCCCTGTGAGCAGCTCAGCCTCACG
NTRK1_ex014_Sense.1 (NM_002529),GGATCTCGACGCTCTCCCTGTCTGCACCGAGGGCCGCCC
NTRK1_ex012_AntiSense.1 (NM_002529),GGATCTCGACGCTCTCCCTGGGAGCTGCCACCCAATGTCATGAAA
NTRK1_ex017_Sense.1 (NM_002529),GGATCTCGACGCTCTCCCTCTGGGAGTAGAGGATGTTCC
NTRK1_ex016_AntiSense.1 (NM_002529),GGATCTCGACGCTCTCCCTACGTCGCTCTCGGTGGTGAA
NTRK1_ex016_Sense.1 (NM_002529),GGATCTCGACGCTCTCCCTGCGTGGTGCTCTGGGAGATC
NTRK1_ex017_AntiSense.1 (NM_002529),GGATCTCGACGCTCTCCCTCCTCTGGTGGGCAGGCACGTG
NTRK1_ex010_AntiSense.1 (NM_002529),GGATCTCGACGCTCTCCCTTTCTTCTCCACCGGGTCTCCA
RET_ex005_AntiSense.1 (NM_020630),GGATCTCGACGCTCTCCCTCTCACCAGCTCCCCTGATGCA
RET_ex003_AntiSense.1 (NM_020630),GGATCTCGACGCTCTCCCTCCTCACGAAGGGATGTGGGT
RET_ex009_AntiSense.1 (NM_020630),GGATCTCGACGCTCTCCCTCTTGGGTCTCCACAACATCGCA
RET_ex010_AntiSense.1 (NM_020630),GGATCTCGACGCTCTCCCTGGTGCCATAGCCAGCTTTAATCCC
RET_ex002_AntiSense.1 (NM_020630),GGATCTCGACGCTCTCCCTCCTGGTCCACATACAGCTTC
RET_ex004_AntiSense.1 (NM_020630),GGATCTCGACGCTCTCCCTTCGTACTTCTCCCGCTGCTC
RET_ex007_AntiSense.1 (NM_020630),GGATCTCGACGCTCTCCCTGAGGAATGCAGCTTGTACTGGACGT
RET_ex006_AntiSense.1 (NM_020630),GGATCTCGACGCTCTCCCTCTGAGTCATTGACCAGCACC
RET_ex001_AntiSense.1 (NM_020630),GGATCTCGACGCTCTCCCTGACGCACGTTCCGGGGCACT
RET_ex018_AntiSense.1 (NM_020630),GGATCTCGACGCTCTCCCTCAAACACCGGCCTTTTGTCC
RET_ex019_AntiSense.1 (NM_020630),GGATCTCGACGCTCTCCCTCCTCTGAGAGGCCGTCGTCATAAA
RET_ex011_AntiSense.1 (NM_020630),GGATCTCGACGCTCTCCCTGCAGCACCGAGACGATGAAGGA
RET_ex012_AntiSense.1 (NM_020630),GGATCTCGACGCTCTCCCTCTTTTCCAAATTCGCCTTCTCCTAGA
RET_ex013_AntiSense.1 (NM_020630),GGATCTCGACGCTCTCCCTGATGACATGTGGGTGGTTGA
RET_ex008_AntiSense.1 (NM_020630),GGATCTCGACGCTCTCCCTTCCTCACACTCCAGCCGTCT
RET_ex016_AntiSense.1 (NM_020630),GGATCTCGACGCTCTCCCTATCACTTTGCGTGGTGTAGA
RET_ex014_AntiSense.1 (NM_020630),GGATCTCGACGCTCTCCCTGGTAGCCAGGCCCCACTTTG
RET_ex017_AntiSense.1 (NM_020630),GGATCTCGACGCTCTCCCTGAAGAGCCGCTCAGGAGGAATC
RET_ex015_AntiSense.1 (NM_020630),GGATCTCGACGCTCTCCCTAATCTTCATCTTCCGCCCCTCA
ROS1_ex032_AntiSense.1 (NM_002944),GGATCTCGACGCTCTCCCTGCTTTCTCCCACTGTATTGAATTTTT
ROS1_ex033_AntiSense.1 (NM_002944),GGATCTCGACGCTCTCCCTCTGCAGGATCCATTAAATGT
ROS1_ex034_AntiSense.1 (NM_002944),GGATCTCGACGCTCTCCCTGTCAGTGGGATTGTAACAAC
ROS1_ex036_AntiSense.1 (NM_002944),GGATCTCGACGCTCTCCCTACGCAGAGTCAGTTTTTCCC
ROS1_ex037_AntiSense.1 (NM_002944),GGATCTCGACGCTCTCCCTCTCCTTCAGGAATTCAATCTTCT
ROS1_ex035_AntiSense.1 (NM_002944),GGATCTCGACGCTCTCCCTGCTCAGCCAACTCTTTGTCT
ROS1_ex031_AntiSense.1 (NM_002944),GGATCTCGACGCTCTCCCTCAGACATAAGCAGGACCTTG
